{"_timestamp":1.7459647938956382e+09,"_runtime":277.856285355,"_step":0,"step":0,"mean_reward":0.6556249999999999,"_wandb":{"runtime":278},"ram_used_gb":63.07311248779297,"gpu_used_gb":29.923295974731445}