{"mean_reward":0.65875,"ram_used_gb":63.87089538574219,"gpu_used_gb":29.923280715942383,"_timestamp":1.7459686087649865e+09,"_wandb":{"runtime":180},"_runtime":179.18119257,"_step":0,"step":0}